woo-vneck-tee,V-Neck T-Shirt,100.00,10.00,UN
woo-hoodie,Hoodie,101.00,11.05,UN
woo-hoodie-with-logo,Hoodie with Logo,102.00,45.00,UN
woo-tshirt,T-Shirt,103.00,18.00,UN
woo-beanie,Beanie,104.00,20.00,UN
woo-belt,Belt,105.00,65.00,UN
woo-cap,Cap,106.00,18.00,UN
woo-sunglasses,Sunglasses,107.00,90.00,UN
woo-hoodie-with-pocket,Hoodie with Pocket,108.00,45.00,UN
woo-hoodie-with-zipper,Hoodie with Zipper,109.00,45.00,UN
woo-long-sleeve-tee,Long Sleeve Tee,110.00,25.00,UN
woo-polo,Polo,111.00,20.00,UN
woo-album,Album,112.00,15.00,UN
woo-single,Single,113.00,3.00,UN
woo-vneck-tee-red,V-Neck T-Shirt - Red,114.00,20.00,UN
woo-vneck-tee-green,V-Neck T-Shirt - Green,115.00,20.00,UN
woo-vneck-tee-blue,V-Neck T-Shirt - Blue,116.00,15.00,UN
woo-hoodie-red,"Hoodie - Red, No",117.00,45.00,UN
woo-hoodie-green,"Hoodie - Green, No",118.00,45.00,UN
woo-hoodie-blue,"Hoodie - Blue, No",119.00,45.00,UN
Woo-tshirt-logo,T-Shirt with Logo,120.00,18.00,UN
Woo-beanie-logo,Beanie with Logo,121.00,20.00,UN
logo-collection,Logo Collection,122.00,12.00,UN
wp-pennant,WordPress Pennant,123.00,11.05,UN
woo-hoodie-blue-logo,"Hoodie - Blue, Yes",124.00,45.00,UN
woo-vneck-tee,V-Neck T-Shirt,100.00,10.00,UN
66simple,Divi Engine String Bag (Big Logo),1,19.99,UN
70simple,Divi Engine String Bag (Small Logos),2,19.99,UN
74variable,Brand Buttons,3,19.100,UN
75variation,Brand Buttons - Divi,4,9.99,UN
76variation,Brand Buttons - Divi Engine,5,9.99,UN
77variation,Brand Buttons - WooCommerce,6,9.99,UN
78variation,Brand Buttons - WordPress,7,9.99,UN
83simple,Lanyard,8,9.99,UN
89variable,Divi Engine Tee,9,9.100,UN
93variation,"Divi Engine Tee - Blue, Large",10,14.99,UN
94variation,"Divi Engine Tee - White, Large",11,14.99,UN
95variation,"Divi Engine Tee - Yellow, Large",12,14.99,UN
96variation,"Divi Engine Tee - Blue, Medium",13,14.99,UN
97variation,"Divi Engine Tee - White, Medium",14,14.99,UN
98variation,"Divi Engine Tee - Yellow, Medium",15,14.99,UN
99variation,"Divi Engine Tee - Blue, Small",16,14.99,UN
100variation,"Divi Engine Tee - White, Small",17,14.99,UN
101variation,"Divi Engine Tee - Yellow, Small",18,14.99,UN
105variable,Divi Tee,19,14.100,UN
106variation,Divi Tee - Large,20,14.99,UN
107variation,Divi Tee - Medium,21,14.99,UN
108variation,Divi Tee - Small,22,14.99,UN
111variable,WordPress Tee,23,14.100,UN
112variation,WordPress Tee - Large,24,14.99,UN
113variation,WordPress Tee - Medium,25,14.99,UN
114variation,WordPress Tee - Small,26,14.99,UN
117variable,Mens Divi Hoodie,27,14.100,UN
119variation,Mens Divi Hoodie - Large,28,39.99,UN
120variation,Mens Divi Hoodie - Medium,29,34.99,UN
121variation,Mens Divi Hoodie - Small,30,34.99,UN
122variable,Dat Divi Engine Life Hoodie - Limited Edition,31,34.100,UN
123variation,Dat Divi Engine Life Hoodie - Limited Edition - Large,32,44.99,UN
124variation,Dat Divi Engine Life Hoodie - Limited Edition - Medium,33,44.99,UN
125variation,Dat Divi Engine Life Hoodie - Limited Edition - Small,34,44.99,UN
127variable,Mens WordPress Hoodie,35,44.100,UN
128variation,Mens WordPress Hoodie - Large,36,34.99,UN
129variation,Mens WordPress Hoodie - Medium,37,34.99,UN
130variation,Mens WordPress Hoodie - Small,38,34.99,UN
132variable,Divi Engine Logo Zipper Hoodie,39,34.100,UN
133variation,Divi Engine Logo Zipper Hoodie - Large,40,29.99,UN
134variation,Divi Engine Logo Zipper Hoodie - Medium,41,29.99,UN
135variation,Divi Engine Logo Zipper Hoodie - Small,42,29.99,UN
137variable,Purple Divi Engine Text Zipper Hoodie,43,29.100,UN
138variation,Purple Divi Engine Text Zipper Hoodie - Large,44,29.99,UN
139variation,Purple Divi Engine Text Zipper Hoodie - Medium,45,29.99,UN
140variation,Purple Divi Engine Text Zipper Hoodie - Small,46,29.99,UN
142variable,"WooCommerce ""Gimme the Money"" Zipper Hoodie",47,29.100,UN
143variation,"WooCommerce ""Gimme the Money"" Zipper Hoodie - Large",48,29.99,UN
144variation,"WooCommerce ""Gimme the Money"" Zipper Hoodie - Medium",49,29.99,UN
145variation,"WooCommerce ""Gimme the Money"" Zipper Hoodie - Small",50,29.99,UN
147variable,Divi Ninja Tee,51,29.100,UN
148variation,Divi Ninja Tee - Large,52,12.99,UN
149variation,Divi Ninja Tee - Medium,53,12.99,UN
150variation,Divi Ninja Tee - Small,54,12.99,UN
151variable,Divi Simplified Crop-top,55,12.100,UN
155variable,Dat Divi Engine Life Crop-top (3-Tone),56,12.101,UN
156variation,Dat Divi Engine Life Crop-top (3-Tone) - Large,57,14.99,UN
157variation,Dat Divi Engine Life Crop-top (3-Tone) - Medium,58,12.99,UN
158variation,Dat Divi Engine Life Crop-top (3-Tone) - Small,59,12.99,UN
163variation,"Divi Simplified Crop-top - Large, Blue",60,12.99,UN
164variation,"Divi Simplified Crop-top - Large, White",61,12.99,UN
165variation,"Divi Simplified Crop-top - Large, Yellow",62,12.99,UN
166variation,"Divi Simplified Crop-top - Medium, Blue",63,12.99,UN
167variation,"Divi Simplified Crop-top - Medium, White",64,12.99,UN
168variation,"Divi Simplified Crop-top - Medium, Yellow",65,12.99,UN
169variation,"Divi Simplified Crop-top - Small, Blue",66,12.99,UN
170variation,"Divi Simplified Crop-top - Small, White",67,12.99,UN
171variation,"Divi Simplified Crop-top - Small, Yellow",68,12.99,UN
